LegalOrder_Spatial,LegalOrder_Temporal,Memory,Outrage,Democracy,RevisionFunction,LegalOrderFunction,PeaceScore
0.3745401188473625,0.6981617140197451,0.18513292883861965,0.519081785136218,0.26170568373590597,0.33434553361605196,0.5281012045503484,0.46653702489093335
0.9507143064099162,0.5360963663441204,0.5419009473783581,0.47918187762973097,0.24697879907199982,0.46686936125936535,0.7229840092672329,0.6624345017847648
0.7319939418114051,0.30952761628632774,0.8729458358764083,0.025642065806435688,0.9062545805210367,0.6565275515489774,0.6064652148208378,0.7111286077020975
0.5986584841970366,0.8137950197069487,0.7322248864095612,0.34124782762615635,0.2495461998495061,0.4746071968692857,0.7290776402643386,0.6710475175959985
0.15601864044243652,0.6847311725538793,0.8065611478614497,0.38019561878585706,0.271949726128631,0.50840114160356,0.3293393480780845,0.4523575449483963
0.15599452033620265,0.1626169393448913,0.6587833667107174,0.3988227808969005,0.7593982624179637,0.6034159954960706,0.16054037971205817,0.4013527142123181
0.05808361216819946,0.9109271844938425,0.6922765645178525,0.5801723692273323,0.44973984245054,0.5761388752928687,0.4333874907390102,0.5547014593120138
0.8661761457749352,0.822537242923169,0.8491956515653193,0.5336025467268785,0.7767105569551812,0.7894606965740988,0.8382548936552606,0.9462116535650256
0.6011150117432088,0.949799913291924,0.24966800885918594,0.6079050927934446,0.06536615756438524,0.3315264147650664,0.7942378747509954,0.6155443117753956
0.7080725777960455,0.72571950838836,0.4894249636431405,0.7648832615421283,0.4875711936733843,0.42448689028869596,0.8333249747639393,0.6996530379538077
0.020584494295802447,0.6134151959357899,0.22120944181960223,0.8129857387160935,0.03361360018328263,0.3752586172241418,0.2184174733200483,0.31323065307522946
0.9699098521619943,0.4182430362906189,0.987668007996647,0.7181230762264944,0.06265320345535452,0.6390368968391522,0.6801908956557554,0.7465473120910733
0.8324426408004217,0.9327284833540133,0.9440593396866133,0.9555236959549347,0.906437453344411,0.9352766428421541,0.8877479076021022,1.0
0.21233911067827616,0.8660638895004084,0.0394268113685059,0.01823258267636163,0.13924537111759516,0.043588188031145114,0.5099071474634362,0.28119285347170286
0.18182496720710062,0.04521867010618941,0.7055751725156885,0.1957779856835461,0.5324206822752171,0.5568953053932051,0.11563912967449767,0.3491469952209481
0.18340450985343382,0.026366974497252005,0.9252483174156658,0.00756287497814212,0.41109560260070654,0.5430731933460639,0.19325252887701283,0.3891529147074267
0.3042422429595377,0.3764633668780496,0.18057534512733353,0.647474714154603,0.3473433262588427,0.33203166678378665,0.26620040254078003,0.31679342733310933
0.5247564316322378,0.8105533307818329,0.5679452305526295,0.8980305489499869,0.8998333456872725,0.7868898749684563,0.6737211224436565,0.8363343646667158
0.43194501864211576,0.9872761293149445,0.9154882975880418,0.24348229657629927,0.0218233967754895,0.3972041903136891,0.6237844218733026,0.5600482633375915
0.2912291401980419,0.15041689110352818,0.03394597858579884,0.9270345447963066,0.6637896861755891,0.42184475248644177,0.3208731358706013,0.398430673894698
0.6118528947223795,0.5941307153521351,0.6974202672468399,0.06026739028956085,0.9633944342135504,0.554730793020171,0.7043897906326877,0.707709633257026
0.13949386065204183,0.3808908566310215,0.29734900737255077,0.9344360268055143,0.5601681834618419,0.6104405396483651,0.1977198296544663,0.4282194245541068
0.29214464853521815,0.9699143978146032,0.9243961953765304,0.3516226872396344,0.9368224620330918,0.8039482752012344,0.5357746914515431,0.756008511144177
0.3663618432936917,0.8421189231357087,0.9710582451653678,0.10142082844921652,0.05225787928602377,0.46018118139158387,0.5996440695794886,0.5851016087562454
0.45606998421703593,0.8383287047111379,0.9442664891134339,0.48587175918632564,0.4187933190741614,0.6853609084659196,0.5896169399252009,0.7183090045143665
0.7851759613930136,0.4686931597949703,0.47421421665746377,0.25677656772050794,0.26015779096205116,0.3705749086235012,0.6563122798571843,0.5620861668676543
0.19967378215835974,0.4148195023376652,0.8620426509893134,0.28487290196192283,0.7308209649807298,0.6174511407173735,0.2870014912572025,0.4876681956201574
0.5142344384136116,0.27340707193070624,0.8445493985350704,0.3072899649262866,0.9812970904972467,0.7459920032747852,0.3219198340105666,0.5819858430161616
0.5924145688620425,0.056375496650927115,0.31910047324325563,0.8030258978326634,0.2565300624442478,0.4855274536417597,0.37730705267288445,0.4680558396623906
0.046450412719997725,0.8647223762550532,0.8289154741506773,0.5391612766752545,0.6541746014740745,0.7272815195957484,0.33927280943081123,0.5826265333933516
0.6075448519014384,0.8129010091300776,0.03700763471549262,0.31130769915600365,0.19809763275974013,0.22707032203465233,0.6650311736729054,0.47625251640757676
0.17052412368729153,0.9997176732861306,0.596269878482053,0.6103337833109184,0.5653302545716099,0.6266223551176329,0.5743831437002679,0.6724870130580166
0.06505159298527952,0.9966368370739054,0.23000883728770305,0.7161506742231936,0.4639324866883362,0.4636008935656193,0.37486034590676703,0.453987738001132
0.9488855372533332,0.5554317056026274,0.12056688577727881,0.27262400073353377,0.9720053296315371,0.47512306533625415,0.8321642639304498,0.7327197518217365
0.9656320330745594,0.7689874151805105,0.07695320162920916,0.4135491015253515,0.6085272726964666,0.3360781299557761,0.8730260394003494,0.6632330764229362
0.8083973481164611,0.944765729882428,0.6962887758781398,0.12188609333694755,0.3495063720868188,0.37583951741699995,0.8489566923980562,0.6762123996232916
0.3046137691733707,0.8496473906774115,0.33987496376806614,0.18114934953468032,0.11409578488793337,0.21637017763682234,0.5621458125775726,0.41358431297223847
0.09767211400638387,0.24734810174319766,0.7247667715287615,0.6811178539649828,0.15124682873493456,0.5023709811811573,0.17454507382955392,0.3559953035053737
0.6842330265121569,0.4505441353100935,0.06535634079894237,0.18143834769562694,0.2253169299512351,0.11441020586491646,0.619288119892308,0.38101973913592746
0.4401524937396013,0.12915941515149498,0.31529033783061033,0.5251633836670602,0.250966661340298,0.35172921509867566,0.36416449533100187,0.3835643136367545
0.12203823484477883,0.9540510272587224,0.5394912923753372,0.7090462617224327,0.8506160578411378,0.644074216769208,0.43827793265119014,0.5976327779501076
0.4951769101112702,0.60617463445088,0.7907231648389635,0.10687692309474384,0.5612227882825249,0.501321102866814,0.5089641631217267,0.5561735281094441
0.034388521115218396,0.22864280550346272,0.3187525029320699,0.5673122196289035,0.5233909113743664,0.3600312071261197,0.05783270854262622,0.21309627380796792
0.9093204020787821,0.6717006844058567,0.6258913764370091,0.25656278370136376,0.11476887186921747,0.372420732614625,0.7730019885106642,0.6302877539373853
0.2587799816000169,0.6181282404578958,0.8859777482361871,0.9629268752375798,0.860139693349435,0.9013713436386905,0.5499740064086047,0.8248188368482232
0.662522284353982,0.3581627180328405,0.6158631881823046,0.4835456467199247,0.7228143032084837,0.5673988286980348,0.6030124368623647,0.6536353428534105
0.31171107608941095,0.11355759219962902,0.23295947475363377,0.8059925497751581,0.06766836190000158,0.3882443468256217,0.1648959642230971,0.28937414070915485
0.5200680211778108,0.6715731955927996,0.02440078155653802,0.5502265421562618,0.7078350972297687,0.4340573113197523,0.5145471931066278,0.5189708464505877
0.5467102793432796,0.5203077009037933,0.8700988739009299,0.043412532854819164,0.5435382173426461,0.44374678140116286,0.5602425510534097,0.5517158319940717
0.18485445552552704,0.7723183917356393,0.021269410850387138,0.6331513755940223,0.08172534574677826,0.1848345418140843,0.4472032698784703,0.33255062814342673
0.9695846277645586,0.5201635011119934,0.8747016726841994,0.951403342206657,0.45830064152865646,0.734334746704909,0.8172603688694007,0.8958260949802891
0.7751328233611146,0.8521815003185401,0.528937134027212,0.6016118201463312,0.484696287130047,0.4904721307383551,0.7932045044663999,0.7196472582857568
0.9394989415641891,0.5519068387744855,0.9390676985128962,0.8191888594267902,0.16577454016327575,0.7125898413787656,0.7781893874481627,0.8562955848463292
0.8948273504276488,0.5609379715353863,0.7987832357736654,0.8842064633484078,0.9456981470002823,0.858793370475433,0.7776655750787117,0.951800280841985
0.5978999788110851,0.876653602658345,0.9979341105333375,0.22807977194893247,0.8499753714806619,0.7093644451766828,0.7136960786646556,0.8127843864940146
0.9218742350231168,0.40348286621239704,0.35071181545171015,0.21204483990822665,0.6690223373291083,0.30441176113154694,0.6035526688614522,0.4907279211692516
0.0884925020519195,0.13401522845064073,0.7671882889311269,0.6109809888509917,0.4622955610006072,0.6606291820383918,0.0952116110826483,0.39050031031053756
0.1959828624191452,0.028782676313338973,0.40193091360924216,0.4110284698067047,0.4117655415845085,0.3456476491183872,0.08653246626380702,0.2220720063983973
0.045227288910538066,0.755137255673619,0.47987562030390885,0.8398613028667203,0.6509734671509542,0.6421973106401823,0.3379518465611961,0.5334809319981859
0.32533033076326434,0.6203095513534647,0.6275054632183701,0.9000231233980112,0.5454318694069055,0.6985075300267325,0.592584969129515,0.7283312622016487
0.388677289689482,0.7040797680992236,0.8736771141863388,0.3534213793027181,0.062273105881885615,0.5422121210218491,0.533212364327094,0.5955350840778453
0.2713490317738959,0.21296416150891073,0.9840834691992951,0.23687055897448206,0.5125026487703317,0.5530043300472065,0.23231859935928195,0.41835610298248127
0.8287375091519293,0.13637147558676976,0.7682734138645182,0.7805255152438618,0.8064036172328395,0.6324124974977764,0.5978811708247281,0.6907683390508845
0.3567533266935893,0.014544665667881929,0.41776678216733376,0.2748060355481361,0.45923987759695806,0.3965129640481465,0.244004256643767,0.3396087805543937
0.28093450968738076,0.350587558806597,0.4213570022770702,0.8226143185136784,0.05195657755426841,0.5209396288067548,0.3298004538576593,0.45973126653478874
0.5426960831582485,0.5899176868546331,0.7375823015888915,0.42373825364876283,0.7862781993840331,0.7199851741923671,0.5919272542975859,0.7411919837039078
0.14092422497476265,0.3922440450997323,0.23877714576830233,0.6675498992914705,0.2013637821359744,0.3666679334992856,0.3442793312662276,0.38072087057113735
0.8021969807540397,0.43747492202372906,0.11047411313139466,0.09553531383466818,0.2586208348880388,0.12585468058776758,0.5997637354956196,0.3779058227134791
0.07455064367977082,0.9041586944937484,0.35462215764077654,0.623859324676573,0.1647063534322959,0.4187746963208368,0.43007546784593464,0.46044602677183033
0.9868869366005173,0.34825546702330035,0.28723899165408173,0.4517676787372291,0.33021506487149754,0.3008131097590272,0.6851152922705536,0.5341825333370644
0.7722447692966574,0.5139894891598108,0.2963081204559901,0.5866084631754741,0.756751505688635,0.5453491273094397,0.6967182895590313,0.697024650672544
0.1987156815341724,0.7836530127411431,0.23360775104990994,0.16801420774486342,0.5193858595039373,0.32493662855293554,0.38675628844265597,0.3809807153854364
0.005522117123602399,0.39654278232127016,0.04209318963636188,0.7368737449441821,0.20488127415071256,0.35237427695795714,0.1410620425224153,0.256659486788196
0.8154614284548342,0.6220867002278735,0.01787393473341381,0.8627970775432285,0.8778300781520408,0.6673207225475002,0.7233570414521545,0.7918811107121622
0.7068573438476171,0.8623637087467452,0.9877223897360315,0.21673980009077565,0.8795818549515292,0.7436062507660425,0.8178507257745038,0.9023602706461663
0.7290071680409873,0.9495206236576421,0.42777313373586234,0.09571455552016173,0.8705784250460069,0.43554896637882057,0.86313527248477,0.7245296545869638
0.7712703466859457,0.14707348092903794,0.3843266471596817,0.023638586046336396,0.23879621138153928,0.23118238248263565,0.4593057315608634,0.3664807356837836
0.07404465173409036,0.9265876251614944,0.6796472826930698,0.641971500443266,0.4512393441809881,0.5113683712200482,0.41780854665504447,0.5073192741345074
0.3584657285442726,0.4921162930795382,0.21825388786506417,0.6070940360887808,0.9849896561408751,0.5301910062604694,0.37644696162092023,0.4932367426177932
0.11586905952512971,0.25824438829895835,0.9499611839502253,0.54669741271407,0.7720124763099904,0.7551333183816531,0.10989394550089444,0.4491105478885024
0.8631034258755935,0.4591357562382613,0.786345014415552,0.23194709611597542,0.027167421225559818,0.36606794107195173,0.6906655054994422,0.5789328231992169
0.6232981268275579,0.980032575285477,0.08941100231225951,0.39090599590551467,0.06520459126049205,0.1802153206763919,0.7505677667879347,0.4924443058883735
0.3308980248526492,0.4926180939928696,0.41758077578492836,0.594476335186173,0.46393137681233276,0.44343362729441305,0.5169218768260135,0.5260218606339723
0.06355835028602363,0.3287516102875082,0.8791183075621647,0.4967668588591694,0.9092202058615602,0.8294949758073084,0.19128364555465227,0.5421230752693182
0.3109823217156622,0.6334008543167258,0.9447320222914103,0.9877855202148873,0.5387017979527142,0.8358493576127544,0.3710688597183758,0.6654906422707054
0.32518332202674705,0.24014561877819307,0.4674015112498697,0.13643975255673313,0.4978125080342902,0.3767712666203241,0.2629295405187783,0.33966326277218317
0.7296061783380641,0.07586332810866392,0.6134113892107077,0.6951445540475938,0.10547369995663058,0.4691552960599045,0.519178203017774,0.5428817902477698
0.6375574713552131,0.12887972191064923,0.16703394609207523,0.4043187681042921,0.656780104724294,0.39290277447835487,0.5385085102208838,0.5080219398988175
0.8872127425763265,0.12804583895777244,0.9911686261369765,0.42819961492561476,0.8221031606002255,0.8128131963459244,0.504246815517007,0.7405016991049922
0.4722149251619493,0.15190269351229435,0.2316717013834434,0.7175977656581762,0.38042000750756233,0.3787175017175539,0.250093813245135,0.33334863831078726
0.1195942459383017,0.13882717264941014,0.9427317741351257,0.6924361513243696,0.7756118509253275,0.7846012858751965,0.2208356753913342,0.5373720716090971
0.713244787222995,0.6408747448032146,0.6496466489923685,0.9912559937021883,0.9644766539008116,0.8313921524390141,0.703777479123628,0.8846078304226602
0.7607850486168974,0.18188008439914483,0.6077367948788591,0.12839428945412523,0.2037664591276891,0.2754493963524272,0.48580842633597804,0.40739203889963616
0.5612771975694962,0.3456672833238632,0.5126885110165086,0.10410964938416634,0.5233296311947413,0.3523442955942008,0.5017646861773648,0.46241327586682457
0.770967179954561,0.8967884099060118,0.2306698117177587,0.7243388171287412,0.28713795808457554,0.3718999135738655,0.6895082849842975,0.5819897135979064
0.49379559636439074,0.47396164026287235,0.17652803200550826,0.5783869170064091,0.7928544190338394,0.5257030726499142,0.48603078925364146,0.5569685068143982
0.5227328293819941,0.6675577385210272,0.22048620907017535,0.27416066655980587,0.5775933658811575,0.3568487598104554,0.5970538516797617,0.5195628910475042
0.42754101835854963,0.17231987120162984,0.18643826214425452,0.0794193689889866,0.6345824175503038,0.29845533638786614,0.37166606647267314,0.357245845608881
0.02541912674409519,0.19228901880867078,0.7795844735667533,0.08565824959643054,0.7979141596158941,0.6194504102987973,0.041472285955298546,0.3355993530372557
0.10789142699330445,0.04086861626647886,0.3501252591667301,0.8941908746641183,0.3959704726624549,0.5202299184446941,0.08536666077274217,0.31168034780305803
0.03142918568673425,0.16893506307216455,0.05784267656339637,0.1918673247187429,0.9150900684070432,0.3747475310595389,0.040160305337927006,0.21046391325313005
0.6364104112637804,0.2785903390319586,0.9691026301408113,0.32337156211552076,0.53302886724614,0.6394000932181979,0.5060515701547675,0.6374397159125175
0.3143559810763267,0.17701048427674682,0.8837858849634257,0.22665640222698802,0.157954822835348,0.4821658389740525,0.2146504662383435,0.3691075770341945
0.5085706911647028,0.08870253375705561,0.927752283195213,0.3549963058319373,0.6958991181688025,0.657231607597728,0.32021838624363286,0.530816525875331
0.907566473926093,0.12063587110060081,0.9949078226464353,0.06942384274609337,0.7932613504382544,0.534827829100057,0.5430034630563847,0.5969983187462727
0.24929222914887494,0.46077876803272577,0.1738952492194873,0.5190597909082704,0.31676167706752667,0.3135905819712188,0.3664436567935981,0.3629997753011216
0.41038292303562973,0.2063337184057925,0.39624201890265875,0.0676125635922149,0.857179256998753,0.5070717605433509,0.3716857970165281,0.47707305307236536
0.7555511385430487,0.36426986104807546,0.7582384757040913,0.8003565078223616,0.9061432547657664,0.8615560891701545,0.5873075990471888,0.8256315317436735
0.22879816549162246,0.5034172708548569,0.6960206180537922,0.23371208191043302,0.2769044873778089,0.47986309223754803,0.34055770738491764,0.4428946147214442
0.07697990982879299,0.6903948286293653,0.15389590633985506,0.5400119146045106,0.9835214727152221,0.5804249148221727,0.2499163066173447,0.4441821409159676
0.289751452913768,0.039312139841098936,0.8158331249906178,0.8800790875614583,0.14071152804875842,0.637003314227384,0.17459189528436103,0.42804072794254816
0.16122128725400442,0.7994103989090426,0.22444057183666066,0.6508773690471942,0.20201566840248997,0.3555099253398493,0.4139867010639325,0.41418358943927674
0.9296976523425731,0.6279003894909078,0.22381761482262308,0.5329577865513353,0.18422483923802613,0.27379923889414015,0.9400184017534058,0.6583840849130866
0.808120379564417,0.08175903194887191,0.5369744228934136,0.3243337531153756,0.8939897100078704,0.5644831652929868,0.4619774892294908,0.5653860303441128
0.6334037565104235,0.8735786241067772,0.5929399348417032,0.33300191305819793,0.6542925523249619,0.5641528710401862,0.8026825654865868,0.7739848530340185
0.8714605901877177,0.9208724005318132,0.5800862078378112,0.6694869551981901,0.15210428322227287,0.5387060765197043,0.9410682529986463,0.8412790020212059
0.8036720768991145,0.06107795985486375,0.09148683739775487,0.9941393612211675,0.440323418368349,0.4599612550519068,0.520666250305921,0.5382110130696902
0.18657005888603584,0.2768776481472037,0.8774608626303804,0.6618391898493786,0.615298025069802,0.7116160462853358,0.3106241188002597,0.5553291040030992
0.8925589984899778,0.8062012797930613,0.26560004258870606,0.5577834173700249,0.08346408498938329,0.29864066568613473,0.8766211846415543,0.6399898719910289
0.5393422419156507,0.7482596903836584,0.12951492128280417,0.7306505102392461,0.8824163684073387,0.5657863695535529,0.6423671810862502,0.6767652943813294
0.8074401551640625,0.18452101935637732,0.8887480798689772,0.46520561228371815,0.8036035354415352,0.6639492354584897,0.5556164681901112,0.6835630776768946
0.8960912999234932,0.2093493233367103,0.9556514982297534,0.060142342600785215,0.5052067735766382,0.4370562864882665,0.6825729534097114,0.6194791800039043
0.3180034749718639,0.370472102791382,0.8621276172654506,0.5622968158779098,0.9671266152591704,0.7761512337727252,0.3938143877902153,0.6461147153736355
0.11005192452767676,0.4845229851910213,0.8095160747248781,0.9576252845053802,0.4177609792750997,0.6753866877283872,0.22855648441820398,0.4828443874673067
0.22793516254194168,0.618254771530296,0.6552419806390217,0.17530294235765964,0.9841103190364978,0.5845137607914904,0.31810064640734503,0.48849404462777
0.4271077886262563,0.3689136395697724,0.5508573706091393,0.6900048908206657,0.6679199988036271,0.62033139919007,0.39368109713387994,0.5558487973259233
0.8180147659224931,0.4625347161331479,0.08698675991141014,0.20093368865905648,0.6346712732539415,0.2628137720873127,0.6358208177868726,0.48273778843593423
0.8607305832563434,0.7474709381337565,0.4084532130706987,0.5358276844730813,0.165954895295785,0.4465394358824766,0.8122504964765409,0.701935341877888
0.006952130531190703,0.0366832028905979,0.372688517012314,0.09667644964671962,0.881927758304644,0.4589939074204507,0.08071646620916054,0.2772648600585083
0.5107473025775657,0.25243694434402075,0.2597537837603262,0.45037093625818514,0.42748968792061515,0.382283418738312,0.3845580765298082,0.412822782873909
0.417411003148779,0.7133495858845524,0.7234201136885849,0.7561633288952461,0.16223340578247936,0.5959974230809217,0.5336452671775097,0.6284315859446408
0.22210781047073025,0.8952068376871993,0.4958757350787708,0.3475715242389821,0.01260751997575904,0.24946235140689219,0.49424855809773766,0.39651473624882044
0.1198653673336828,0.5116774421156661,0.08104621590764793,0.664911724487218,0.5597556836383826,0.45177429817175274,0.3190117413567404,0.4142172808762446
0.33761517140362796,0.5321134852653157,0.22018320194981134,0.7954499607897292,0.5273996221226763,0.4811399413268732,0.30307003024907275,0.42126880510236747
0.9429097039125192,0.10717201133977605,0.6832587636595959,0.9271778194794527,0.7193536223691586,0.8007869688804823,0.5782796121451571,0.78214904606784
0.32320293202075523,0.44741236682345464,0.07613085949030018,0.23464208185545354,0.8902580530178021,0.314329522606089,0.38345089055580867,0.37299619365520625
0.5187906217433661,0.5326172664550232,0.8512069140487687,0.39931591580930814,0.07940658464302952,0.4064115774544056,0.584325227449372,0.5428637099387095
0.7030189588951778,0.24247050363472966,0.4951465270139743,0.15241601333041743,0.7314964903403623,0.5041268448080751,0.4942044544156883,0.5489939960708171
0.363629602379294,0.26924323094938096,0.480586577326648,0.9924835021583752,0.18741194409758222,0.5650237411123222,0.23204741850523508,0.42475803991263555
0.9717820827209607,0.37728416310462265,0.5924077846595176,0.9270009679242953,0.858177053157164,0.7274139424703694,0.7649684871727322,0.8574809634455332
0.9624472949421112,0.02007119777772637,0.8246809659251492,0.5399571302805596,0.8190635138616561,0.6940954255489896,0.5537287366350758,0.7007801977107182
0.25178229582536416,0.3220791655831783,0.34780920790219305,0.8420332943764213,0.5407937549855444,0.6102435371902053,0.2204177107739717,0.44223232067850377
0.49724850589238545,0.21144800699654465,0.6780161525590636,0.5209579772720422,0.7102427986233115,0.5810960991488652,0.3517110368483879,0.5072791503066667
0.30087830981676966,0.32749735217791465,0.5657319639957911,0.6235856880027597,0.3143501131837484,0.589807173617067,0.30229965887843524,0.48171311772544984
0.2848404943774676,0.11976213181925122,0.2670282701694213,0.08912443211601662,0.47116789893281463,0.22986797065002446,0.18857191612727042,0.2178892721249999
0.036886947354532795,0.890527280739895,0.878629986355158,0.7552704204968079,0.8216368977104717,0.8564437862846662,0.2680647778537243,0.6081707647321156
0.6095643339798968,0.5935924535540487,0.7974260216069281,0.12771348363523483,0.4592651971732139,0.4786330890978566,0.6480288916539142,0.62536460442328
0.5026790232288615,0.6791023191444896,0.6584518346584255,0.8260676302525284,0.3577982653254418,0.6486998740908785,0.6369920936590489,0.7254893220656656
0.05147875124998935,0.7891712386073383,0.8505817290942419,0.7820280876703859,0.4942124472502999,0.6958991520081929,0.3791318457599042,0.5902830048767721
0.27864646423661144,0.4984421989290573,0.8672942009598024,0.7087446977429764,0.8282492524372184,0.7998762201343647,0.30968047459234893,0.6043195568566255
0.9082658859666537,0.08692028808742369,0.7083629767150348,0.036160380524762115,0.33520804737087273,0.3968016778244905,0.5696530701175858,0.5284352327711442
0.23956189066697242,0.5371065418185478,0.837013328363672,0.3031283559453286,0.1737615931357438,0.42776294328071696,0.3582536853661296,0.4236578445020992
0.1448948720912231,0.5868411180208791,0.6974714616692836,0.26311256991084286,0.7120140203307808,0.6085677790112068,0.351613089941181,0.5228865139195484
0.489452760277563,0.74543947418433,0.6801407717603004,0.3601364074715191,0.8259782127080818,0.6022300164344212,0.6252644702761738,0.6890578497973535
0.9856504541106007,0.4316595462296794,0.6186113782151843,0.08764274676383854,0.10063747852353333,0.29249862310528435,0.7273454010193074,0.5524715177263175
0.2420552715115004,0.12758030279556376,0.7527166395576412,0.9369578230310628,0.23987411275594472,0.6044187678287332,0.20036506184580377,0.4266127955966222
0.6721355474058786,0.28377590579872447,0.1586051052930737,0.5538022407123763,0.1419719897609939,0.144057628319475,0.539655710993779,0.3574049740235917
0.7616196153287176,0.3630822963986351,0.8808707591989284,0.30552431065802355,0.3479414115821666,0.53883663222162,0.6749958038640229,0.6796587111863845
0.23763754399239967,0.6459172413316012,0.871843527745232,0.3969815170742834,0.45035097890541265,0.7235679309726474,0.4361747499193165,0.6429917527143082
0.7282163486118596,0.5707783046689119,0.029247283034559146,0.44720254050483565,0.7488263369633065,0.4097377908491675,0.7046939654034563,0.6149638278481423
0.3677831327192532,0.35609672589784624,0.8258167505647627,0.6005943333606173,0.6511475848816741,0.7048862567118729,0.36729990138715846,0.5878740095654025
0.6323058305935795,0.9865152487929797,0.1288698674734452,0.5156794276964978,0.6209285674784312,0.37938580408144335,0.8445125551335148,0.6760283945647196
0.6335297107608947,0.6057748193568872,0.3351188542591419,0.9193919732144173,0.3523749466096544,0.5167009122914806,0.6429158939972666,0.6462474489353897
0.5357746840747585,0.23722679173599448,0.7435082562916078,0.49696348290583026,0.8414475530847599,0.7262825690725806,0.3733011316305744,0.6040162713352486
0.0902897700544083,0.10178247262040374,0.1607598960483082,0.9921580148233127,0.47128716739816456,0.4442968723203242,0.16505534958706602,0.31934282606994935
0.835302495589238,0.15285913918433203,0.8179670241190622,0.8514249577450957,0.9791049380151545,0.9320618631091436,0.5972203166542269,0.8759703460871596
0.32078006497173583,0.24595772838450813,0.8321341779577419,0.2085105143573358,0.6341421382957368,0.6214185327510807,0.2686989292804206,0.4784536298927957
0.18651851039985423,0.16068137325955567,0.5074677337608362,0.9305952146439163,0.12626474156450274,0.5559543666522568,0.15220900717377264,0.37100593934942744
0.040775141554763916,0.18656702405130576,0.00638587171683358,0.11636639788547609,0.676177562075434,0.26224132361549285,0.11392067181041873,0.19405593926550185
0.5908929431882418,0.2850951686938471,0.2870381331749128,0.8174497084911916,0.325104015431699,0.45856220333153175,0.49173307315386316,0.5202456785379816
0.6775643618422824,0.17337359529475482,0.6169269183757422,0.3806232934765801,0.6863271966860974,0.6004989761974411,0.4857526685048317,0.6014646183756016
0.016587828927856152,0.8967654246264252,0.9811861780274235,0.8779743204450695,0.06964114816240574,0.7063498184802808,0.384224300879428,0.5995664127162337
0.512093058299281,0.08023374566164221,0.6318135270166684,0.8680566901074503,0.1748814371759594,0.5479048134446391,0.42434720197304454,0.532626382615401
0.22649577519793795,0.5245113895702547,0.2598035810641598,0.8059254001176211,0.8557372589057863,0.5737401414878411,0.39927917855860895,0.5323261585030981
0.6451727904094499,0.4103968269896615,0.6340057030996114,0.7900304363070614,0.2271795570235149,0.5638580940021167,0.5607941846047857,0.6255678073151963
0.17436642900499144,0.9823786169086064,0.5399853797158555,0.3046791390980408,0.83704112524294,0.6359612387633957,0.5446368332048116,0.6595726190083246
0.690937738102466,0.11203890216805235,0.7798453951511436,0.08091928305125218,0.27927608845441043,0.35804141572946113,0.4077520085523235,0.4120951334226134
0.3867353463005374,0.39785559904574164,0.10698063882695841,0.40298017876516146,0.6428819100587077,0.283174618890322,0.41107979989595955,0.3704086825269504
0.9367299887367345,0.9694704332753689,0.761027902502028,0.17352451498650867,0.694150573509831,0.5729517296115391,1.0402914840388438,0.9258289678412335
0.13752094414599325,0.8655071258939803,0.5412665786761103,0.6949510889024617,0.5126547531450529,0.5813327691774993,0.4178131220755694,0.5481506374775118
0.3410663510502585,0.8170720709492799,0.9629920038589946,0.34609972653778553,0.3053106766967313,0.5892870057324733,0.48908694257891283,0.5968294901427286
0.11347352124058907,0.25790282704493983,0.3418721660386861,0.9756102008599149,0.21264437637109612,0.5054228994802027,0.13864079913267635,0.33604629624321747
0.9246936182785628,0.17088758739006582,0.6326218931339481,0.640972077345332,0.03318935456242622,0.4441370740941665,0.5686895540560446,0.5569285369963791
0.877339353380981,0.668643219924431,0.9320281055100175,0.822480563634361,0.3039464012407238,0.7852325035966365,0.7546228045919758,0.8884385249184807
0.2579416277151556,0.9293759891275858,0.10250972799067926,0.13252467274184843,0.653162790531283,0.19666493125438533,0.5079899673506262,0.37230821170389145
0.659984046034179,0.5567628930139298,0.9372284872364511,0.8620144822726226,0.9383048184484827,0.8735623338718996,0.5484172338671472,0.8068051116200347
0.8172222002012158,0.5716126894698998,0.6878857223008134,0.9227571905133943,0.871204482263052,0.8081800527458068,0.7197593126061697,0.8803087065212563
0.5552008115994623,0.2799790936602842,0.0678370591051719,0.4870619188189359,0.7660647765353026,0.32091339169063193,0.49022598311312343,0.4370337039890191
0.5296505783560065,0.7694929331919369,0.30096356694681625,0.6062529377509774,0.7884473432532987,0.5300027908584057,0.5801997112830326,0.6166027443177688
0.24185229090045168,0.18704374855752337,0.7081720886452816,0.7648098009029954,0.6649849034759953,0.7952807550582108,0.2958930701453688,0.59265052545013
0.09310276780589921,0.3236792364042437,0.0673506014687717,0.17483862726041255,0.260286857566003,0.15852221045023143,0.2108729596716167,0.1913831945991895
0.8972157579533268,0.4254364386164168,0.5821704601762733,0.5025660764634424,0.9071950307058299,0.6673315615072252,0.7600330594997656,0.8151211201821139
0.9004180571633305,0.507610378684455,0.34588305695295674,0.3986630277723131,0.670732311905834,0.3961635864259978,0.7104032580791735,0.6095706027584574
0.6331014572732679,0.24240973241508024,0.6209155177674771,0.1463739921622491,0.56044063098044,0.4295925236478237,0.5195510286833236,0.519210823680752
0.3390297910487007,0.11483682473920354,0.04574203381251285,0.36753442229153144,0.11098946921348107,0.14309416196031202,0.19475590950513616,0.17449872246421527
0.3492095746126609,0.6106200424416326,0.8715368061523763,0.06817230938549357,0.4470555438064254,0.4872973235807146,0.498286136786075,0.5413544303500404
0.7259556788702394,0.28863055324025577,0.9734889691773969,0.025811906949486985,0.4603582712019263,0.5993288308665712,0.5596175956079225,0.6465522050988585
0.8971102599525771,0.5812382214226123,0.9688778552856915,0.13516628915482276,0.86456360952267,0.7153546647537806,0.7984240055398303,0.8711206025096687
0.8870864242651173,0.1543627152742023,0.7496518317429247,0.9631151115891738,0.5466482201877885,0.6972168343834069,0.5352172103875086,0.690849512212237
0.7798755458576239,0.4811401018548175,0.13008624013063197,0.549529535895017,0.38040054897040965,0.34333876043348105,0.615627876142671,0.5217571006647003
0.6420316461542878,0.5325894325515859,0.7582631959290226,0.96582216115322,0.9768003285106593,0.9110031126956121,0.6281161716258762,0.884002799657869
0.08413996499504883,0.05182353682242691,0.02458691645880151,0.432497878330132,0.11072059332631567,0.22980776000651823,0.023795993514790025,0.12789557755400685
0.16162871409461377,0.3366042781939206,0.022123551528997254,0.3118161330852596,0.4225484283119446,0.3081858233591788,0.25477925433929266,0.29718640970391424
0.8985541885270792,0.13441467693897424,0.32361021914954125,0.5061418628402441,0.04202467517140529,0.24313933947191785,0.524541493568825,0.40934775097475884
0.6064290596595899,0.06337497047276774,0.48864319040466575,0.4395116886329101,0.7399041207669304,0.5087391434213014,0.4316161346181945,0.5140936435422426
0.009197051616629648,0.9899602323899452,0.7704074178077932,0.10566468426174391,0.9180765521991506,0.5524064451156548,0.3398761581875305,0.4836912577163806
0.1014715428660321,0.32235384497472297,0.6832953766065052,0.6408263146902062,0.28003732955048943,0.5378762509594617,0.21743946059348462,0.4010489601514074
0.6635017691080558,0.8098744458546349,0.44590270637674834,0.2160381825095996,0.8583416767991209,0.5239929590656323,0.7533323864889874,0.7176108460485776
0.005061583846218687,0.25464065476376385,0.2736266662816659,0.6195879548978296,0.29221823046189777,0.43235924795003966,0.07005462129175802,0.2572646872963247
0.16080805141749865,0.6815027222239293,0.9971245001577111,0.6502010923981534,0.9107701616439152,0.863343625093579,0.3981872480943073,0.6995199210410983
0.5487337893665861,0.7602278598896866,0.42618130223597295,0.1520248531286481,0.7539619035967839,0.4262761717492766,0.6463535307425041,0.591419872982199
0.6918951976926933,0.5956387406078443,0.4513870243296755,0.06134962711066816,0.8049067768414386,0.44801963052993926,0.6264505220491168,0.5933675025762746
0.6519612595026005,0.47157618855015837,0.16362382119166918,0.7807615860684398,0.0180065556004545,0.26332282589583483,0.5293794969178133,0.4242307024267668
0.22426930946055978,0.41184091414726853,0.7948095487499294,0.4598004237693202,0.962810357074026,0.8491839898377143,0.20116666675161432,0.5593408308335622
0.7121792213475359,0.3488682665429953,0.6936822257814886,0.05816379550547579,0.7266709920703233,0.43254027522943217,0.5843373417907044,0.5589886954390655
0.23724908749680007,0.9295291442478258,0.2207696127887604,0.9948663171697671,0.3047510953861333,0.48743009782706054,0.4359209716291077,0.5041717350972927
0.3253996981592677,0.8306194077877291,0.0823810456158427,0.05778056099636664,0.8293946648588469,0.4002852969643831,0.5322547919827177,0.508880797967454
0.7464914051180241,0.9650269106665126,0.6804993020747131,0.6950352288585532,0.28152119841492995,0.56550664123993,0.8207331965333071,0.785945933551751
0.6496328990472147,0.12429722348554473,0.6545112142811352,0.9836789252634136,0.872753839566128,0.8092323634112418,0.4734557675944564,0.7179712114590782
0.8492234104941779,0.7308674752036443,0.2732595269982093,0.23918010421592562,0.11258039041193701,0.19695968804712116,0.7867787614034712,0.5228619646069218
0.6576128923003434,0.9383404568210378,0.9508635622504104,0.14224936868719618,0.7036859774607958,0.6251064446564413,0.7534315287912665,0.7834639675748091
0.5683086033354716,0.18123306616566015,0.15105789178090023,0.1213849394224289,0.5406984766449103,0.3276906052663883,0.4500719236819618,0.418378132691125
0.09367476782809248,0.0664962673667775,0.4323348010426019,0.30327514756759555,0.09653447019544081,0.18228371017947637,0.09955626909777236,0.14454948685917804
0.3677158030594335,0.741120649290059,0.9436159201675989,0.10104581101064669,0.24189382825883898,0.5569999449127016,0.5328855394108226,0.6043061853810827
0.26520236768172545,0.5744731131799119,0.4197273169261223,0.6921613416941319,0.01240403627731479,0.3080626825393757,0.4123740453714263,0.3856257748807481
0.24398964337908358,0.8418287767582721,0.6385259476640855,0.06229179813006269,0.46876796546450583,0.401395691682284,0.4063466905704037,0.43649235331120667
0.9730105547524456,0.1397723766262895,0.3975943979627943,0.5094221281497897,0.3012652607600004,0.3807817548431216,0.6775547175013322,0.5807683310387055
0.3930977246667604,0.7952673118598902,0.27421520234867003,0.9966968538529768,0.5983574842977588,0.6176300458732247,0.5845889992446924,0.673321468643055
0.8920465551771133,0.20162732004774453,0.9839776479598282,0.8139702695060188,0.2972378077086172,0.6470472647541348,0.5650447046965409,0.6791681108528789
0.6311386259972629,0.1636559428657045,0.409334006315043,0.6152194382310109,0.2999191115069847,0.46138380075151303,0.4319415290609295,0.4865208297823316
0.7948113035416484,0.16426579793099294,0.8940992036791344,0.30625362078661167,0.7431931987316034,0.773689208491461,0.5406277369160047,0.7408140418763476
0.5026370931051921,0.8145747202313821,0.22995460589108618,0.6238958362916385,0.04814283597835345,0.2254347438077915,0.6206873047355815,0.4510459209772494
0.5769038846263591,0.6651972206962001,0.2131047040250833,0.5270414639116516,0.9028949951919872,0.5237081277216447,0.6289142173827222,0.6421846700087892
0.4925176938188639,0.5230654247691193,0.03113408288451136,0.4260833838903715,0.8522638743911815,0.3628587017484399,0.5763051252905251,0.5114053794342609
0.1952429877980445,0.3588304841235025,0.651666825375885,0.13071037674019947,0.6678046832264065,0.5215156084499876,0.3147663227118691,0.45097207564265746
0.7224521152615053,0.8772005408131083,0.36852634372376114,0.8866042152404667,0.5932215701073843,0.5923156619646474,0.7187405258105762,0.7406723479528738
0.2807723624408558,0.3924451074226354,0.864358249839637,0.4497846488213225,0.8923024981396522,0.7162950985719319,0.35654495994887003,0.5874983107067812
0.02431596643145384,0.8165994394715771,0.47320990669155716,0.19462251182076507,0.18533017952871444,0.3276633843250204,0.40767602162427363,0.39438580396536094
0.6454722959071678,0.4391349085702184,0.9681934279147217,0.3677593508772896,0.07896916219082861,0.6115133305756613,0.5822777670068483,0.6681096721157582
0.17711067940704894,0.3769444294249076,0.18552551570312115,0.41412975252892703,0.2395101699095381,0.26075699342642306,0.3115932006734907,0.302425118285904
0.9404585843529143,0.46267978566960644,0.8686231679556108,0.8275378955668743,0.7945782787001903,0.8700720165697727,0.8499605871646295,1.0
0.9539285770025874,0.3013778741641421,0.7765968527917417,0.733614380561402,0.03467026672648332,0.4764604874095042,0.7440937731725583,0.6811833866598661
0.9148643902204485,0.7476093801762511,0.770921844644052,0.7693048936413398,0.5828068350834896,0.6661804376341691,0.8604278159848558,0.8779441626105932
0.3701587002554444,0.5027203900924792,0.8447832281168877,0.011031264428647214,0.9954375161913099,0.6634742393267611,0.47543779989449597,0.6325441661370664
0.015456616528867428,0.2322126951468173,0.7610239909429989,0.4161539981797615,0.8556960938375394,0.760170425409188,0.10940343963089194,0.45141998436912867
0.9283185625877254,0.8995745732745685,0.6262203216314154,0.4813441516353236,0.5214456890435895,0.569105748295523,0.9180161190267104,0.8480505837343262
0.42818414831731433,0.3838912213732114,0.13124487768238757,0.019192276823056686,0.06364090928664234,0.06169500537970702,0.39289626575398656,0.2321435830127186
0.9666548190436696,0.5435528611139886,0.032526179491251916,0.2598132087450342,0.8313735143857098,0.34033105900689165,0.8755847038134026,0.6675556153099573
0.9636199770892528,0.9064721109645469,0.9208478478156868,0.760289823122135,0.5989785081772105,0.7135992518175925,0.8998393973422704,0.9351442687198189
0.8530094554673601,0.6242379959139921,0.616650314520738,0.13710970572899905,0.11493299705956683,0.3524987029626333,0.8381192578799187,0.6543961706874112
0.2944488920695857,0.11689804070836407,0.7965372909761763,0.5353101314525917,0.0938572848233562,0.5514817943894254,0.2484217577121156,0.427351791392461
0.38509772860192526,0.9398321236134751,0.4815223515125501,0.2152018720172375,0.9096268194365924,0.507453031399515,0.5370261778664481,0.5767427170128264
0.8511366715168569,0.6277080530714179,0.11730818896239448,0.012120774643893273,0.6692002629380784,0.2278174794715742,0.7801476887882522,0.539528840144976
0.31692200515627766,0.3349056146570861,0.12518579220255044,0.24120145759954148,0.8292867993167555,0.3845147054385117,0.21911412357401983,0.31866493504296217
0.1694927466860925,0.13927207266338726,0.6855652872289714,0.9758737549100538,0.8789789002822673,0.8088459246472551,0.18867987791856217,0.5292854913463828
0.5568012624583502,0.794025189270296,0.4303058948994627,0.8015371118829896,0.5717723520483222,0.5808085664078876,0.695952407332578,0.7192235108684233
0.936154774160781,0.6200727559285135,0.20052472670033672,0.9595766443210334,0.5174463517550413,0.6283028789612828,0.7801041690852714,0.8022318630884722
0.696029796674973,0.5334610919763215,0.4915945467414369,0.48785404392636245,0.4304274103209902,0.4597709699334807,0.6371796995932915,0.6070666804641723
0.570061170089365,0.8938925830509576,0.06420893707513409,0.1097361986775035,0.3169465877911193,0.13577140316957936,0.7973016069615164,0.488186656650853
0.09717649377076854,0.7885972112245307,0.5819714019143988,0.547959488973693,0.43459596085871177,0.495178105433723,0.3484574455391766,0.4563274750277227
0.6150072266991697,0.15167487973275118,0.26899340443509767,0.4543773345599609,0.7738796557301564,0.5132840574360711,0.37672890855977226,0.4836802715457262
0.9900538501042633,0.31172206779554823,0.7975591006371882,0.844357082739616,0.6019234310151316,0.7438465857203944,0.7928043073039072,0.8862704019386375
0.14008401523652403,0.24848913981446574,0.31036195892357377,0.09808258078424459,0.8925232899548461,0.38885789287508543,0.28157542459424045,0.3571152239932877
0.5183296523637367,0.743946292572677,0.4552201490818012,0.4882411370217782,0.4433800143791877,0.5276396066666609,0.6087610920397052,0.6324416419847425
0.8773730719279554,0.03353243473577938,0.011620539908100636,0.15004866469398426,0.607089578718754,0.30276983921274364,0.5904099688215028,0.4823415702830607
0.7407686177542044,0.5698896848713165,0.07244688779455888,0.32467592689006,0.6313075530919887,0.2857526208255029,0.7394908403775934,0.5548840197444184
0.697015740995268,0.7624586857406905,0.3924935564066848,0.7373570773877997,0.5916971623063255,0.46238669690288076,0.6860687072665177,0.6376735107649781
0.7024840839871093,0.8767656367617495,0.4799388347171235,0.47601812936876653,0.7026337730855163,0.5959467891149804,0.7479314133285719,0.7610845660720544
0.35949115121975517,0.34208174871590746,0.6000205481193037,0.37588828514576933,0.23743346837480628,0.38977325401589397,0.41407111587595286,0.4342009541917159
0.29359184426449336,0.8212573046720129,0.29166257870930323,0.3944762785700353,0.5123637775457907,0.4282483282766075,0.5889087423629267,0.5590183722046477
0.8093611554785136,0.11063173695520723,0.6949818861265425,0.45944676840598664,0.10422480280834767,0.3485890349293256,0.5580134310779088,0.4922047056870272
0.8101133946791808,0.8464522917345182,0.8601223971892046,0.7850165438370569,0.38451132764481255,0.7395371872352082,0.780658235826213,0.8755628707136941
0.8670723185801037,0.12748866233198242,0.7798509888933498,0.8920846889402344,0.4876670686212644,0.6653073263617505,0.6705919116658272,0.7571795613798301
0.9132405525564713,0.39728729056036727,0.039618825348357145,0.9553346865039283,0.6522242595454725,0.5346534199074893,0.6803107028674314,0.6802281501650083
0.5113423988609378,0.7972953657795536,0.48050694725782894,0.7869033862552951,0.9505310525862035,0.7141467639474028,0.6089666965698115,0.7485350494000214
0.5015162946871996,0.14991742734877378,0.10493017841817487,0.31540689574801273,0.6006510665483559,0.2690924890863482,0.3779936394763103,0.3438861141424269
0.7982951789667752,0.22925139523264149,0.24204501586252747,0.6881347060865421,0.7435939161765598,0.5059847773776026,0.6483856865088603,0.6427998893918334
0.6499639307777652,0.7222525683930663,0.9866625932671464,0.4376031240553919,0.5062660594952028,0.712141715219872,0.7215781846514967,0.8196331351522761
0.7019668772577033,0.7200365365460744,0.14249554290151323,0.2546706220460512,0.6341040313763313,0.32892533584308176,0.7299380159911472,0.5774506973280187
0.795792669436101,0.6411476328852973,0.49888815345135606,0.8408715794259226,0.07093221613377343,0.5023170490720755,0.7570990813216848,0.7057688204738177
0.8900053418175663,0.6939484444671,0.6181557343181191,0.038426348962324997,0.254391580841847,0.4339297018942735,0.813758316309553,0.6944667898239514
0.3379951568515358,0.5427244433475962,0.702464970544104,0.9017619921354235,0.3618530932051387,0.5818584332342576,0.4477938471758853,0.5669366654710117
0.375582952639944,0.25179905890695276,0.5596486834869141,0.46147746462473416,0.47249335500651357,0.5849113480325712,0.19959139126203232,0.4156000235910561
0.093981939840869,0.34569599350391944,0.00977084741918366,0.6372014768082804,0.045648745502383736,0.21398120253703332,0.17983718835259926,0.2046055510097299
0.578280140996174,0.18159771680142567,0.3264613082439919,0.6593539222057827,0.14002409755331768,0.3254587268091705,0.4316732680641137,0.40666436388098215
0.035942273796742086,0.9084505613336283,0.5177116433847114,0.8951177407065364,0.2768143077913058,0.4921485906162877,0.32739488463052124,0.4419971238325831
0.46559801813246016,0.5833917947661205,0.08786649914483335,0.6366696821672073,0.9715326909010507,0.5081512920395591,0.5320316946765022,0.5741620119692029
0.5426446347075766,0.4008514167636399,0.35062693120918076,0.6139335847600618,0.33134700710305076,0.46991745563882903,0.47570378648069583,0.5175189236559156
0.2865412521282844,0.4620058036441327,0.033203108791366565,0.06665204056068996,0.48204105811208253,0.17151171709950166,0.44450085765039815,0.32325370844451407
0.5908332605690108,0.9472833396118153,0.07857849715502074,0.5184080219452041,0.19609771273839294,0.32134086577945475,0.8120642784468755,0.6188924597741026
0.03050024993904943,0.1533514031160802,0.39692327620159606,0.15016900081704165,0.6107800710757683,0.31449524754590347,0.0563504327539536,0.18896722880958322
0.03734818874921442,0.5862298320167972,0.13271575404306035,0.7374337687214856,0.2806832155159743,0.3579169494961593,0.24935896047791276,0.32148791467979365
0.8226005606596583,0.505888678884466,0.5675408482615582,0.5122219208126745,0.20699257843842678,0.38016101685929765,0.6922184296691617,0.5888206156865846
0.3601906414112629,0.6114542354346478,0.6894649691372657,0.6802277792083533,0.5165726284459791,0.6530077040824545,0.43811310521263575,0.6027786512402127
0.12706051265188478,0.01811018382084051,0.8005866991090829,0.041672900602384266,0.005505799160420821,0.3787326590773398,0.09323163032087341,0.24304411735141457
0.5222432600548044,0.8721239089441515,0.2001502442448101,0.08479201604580322,0.0076640326492253275,0.08675882262237994,0.6242814161661637,0.36635250352459353
0.7699935530986108,0.9321182824836124,0.16748258225906976,0.7163233880626823,0.21906880910185778,0.21739999922163317,0.7783126781057351,0.531697373786559
0.21582102749684318,0.5651331835892089,0.10456784033440025,0.07208433599867337,0.03672136250082114,0.08441625302343318,0.3866814511288029,0.24207729191970953
0.6228904758190003,0.6966508238768923,0.6364302495436367,0.0712567277652586,0.10802575413069138,0.33019377197291516,0.6838710942532477,0.5521944283440264
0.085347464993768,0.9224993811772957,0.7064757264869012,0.01210847523488745,0.3388606493387516,0.4080957657149371,0.3799924434841795,0.42505876603747156
0.0516817211686077,0.7072386343133986,0.03158614482564204,0.9565013982994801,0.8025856795798129,0.6021496908851524,0.3586722579646541,0.5236058522774024
0.531354631568148,0.15253904291426135,0.9362122462436898,0.737508359459007,0.5720486433693008,0.7137993153635158,0.34824950964832674,0.5807404648184524
0.5406351216101065,0.5762883601668132,0.05197128365147241,0.35325140850206416,0.5126677259564164,0.3145750590706556,0.5675546789346881,0.4767725783330131
0.6374299014982066,0.6067150463828559,0.5412963353010705,0.2965355812876552,0.29348882320812164,0.45315123109306,0.6661611600826891,0.6200305455474449
0.7260913337226615,0.424130671302386,0.7090605194509164,0.34970322974584955,0.9317537194328164,0.5791319133336404,0.6036264405193656,0.6612950440138541
0.9758520794625346,0.7364442356247228,0.8709691237460856,0.7746535311811819,0.39701504123719167,0.715870812519895,0.9028259875344665,0.9386097546792558
0.5163003483011953,0.9343670147690148,0.7140869321324278,0.6613706110704144,0.08709276679577149,0.48496479466244324,0.6577055326939445,0.6351279694004481
0.32295647294124596,0.9255685129067763,0.8017280830697918,0.18519556786746794,0.6170665161178013,0.5572937247684152,0.5541779597560533,0.6175038221376367
0.7951861947687037,0.4508393714041321,0.33945019254280606,0.17410933533408435,0.11383839347660141,0.23954821983724497,0.647154493878858,0.4743562982517222
0.2708322512620742,0.11323804584075525,0.8148251137465122,0.09839564971339732,0.3452231428016921,0.43465425504745414,0.17046565176653466,0.31737867758294674
0.4389714207056361,0.9848411989623346,0.08011484638467514,0.6603027197013381,0.5074119387178089,0.34857493212153356,0.6484806238525264,0.5437365958753347
0.07845638134226596,0.8388980864459341,0.8948166560605276,0.7643726622217359,0.8742225246851758,0.8512128393706858,0.30520214844054594,0.630165891376838
0.02535074341545751,0.12466268120326685,0.5475923761537362,0.265046428325004,0.49354658034011867,0.39225255611789117,0.04051783117347601,0.21956383821491343
0.9626484146779251,0.9208418826173723,0.8172977699624937,0.020944961030912812,0.7022587660316643,0.4895889696595114,0.9316820271852204,0.8018637471703454
0.8359801205122058,0.8698963620621283,0.45231828451830014,0.08217166747642735,0.9928168389990704,0.5373925298977945,0.8367376295074058,0.7769963900189337
0.695974206093698,0.5188380571260721,0.643577695196525,0.9678600348450305,0.13148911989798162,0.5297961227435808,0.6130448742131086,0.6363782579635309
0.4089529444142699,0.5912754357449292,0.5264026609361132,0.29544477747742026,0.2747315255195195,0.4149295803189878,0.4787937309535272,0.48659479200503936
0.17329432007084578,0.39900270387013026,0.7315895217553319,0.7692231478381336,0.3945760755976464,0.6649051403755643,0.2875497494948628,0.5144661062457815
0.15643704267108605,0.05476163882203133,0.08162998203058958,0.6246635688542638,0.42182817853883137,0.2603091805906345,0.1594927348380903,0.21820444233753494
0.25024289816459533,0.3351972416459009,0.0603520839905638,0.3819396396528959,0.41102107526554577,0.22815081545497523,0.2517363742147042,0.2514303666461924
0.5492266647061205,0.8028534485980114,0.24710323401014644,0.2056872621955551,0.9076110025565549,0.49253624318206013,0.5905173354934198,0.5996970273293019
0.7145959227000623,0.004632023004602859,0.15954468011318834,0.12138641815940643,0.7140326444668564,0.2653853142761701,0.3785081422097234,0.34203682869823016
0.6601973767177313,0.3334991716911442,0.8717835665922017,0.6150129680388666,0.6079052140907037,0.6923686681602824,0.5051579486473501,0.6687144156269255
0.27993389694594284,0.3981686935909433,0.21921398735804432,0.774633780637788,0.3093727178627821,0.43599058915598354,0.3096317497131176,0.3998104752303146
0.9548652806631941,0.5373956029379229,0.9758652558191313,0.6439042535411307,0.8237903842212947,0.8698240191205099,0.7493776062632127,0.9399661409556161
0.7378969166957685,0.9198556164127605,0.33689579177110685,0.5303021332491583,0.9550605114849889,0.5677901658264621,0.7458745633700705,0.7415324130025929
0.5543540525114007,0.34634599436596125,0.18211791568869928,0.041951223431636264,0.8211982825502265,0.30191650833545647,0.44834478787951554,0.4022031866848828
0.6117207462343522,0.3469532018962277,0.7896985071424791,0.9684887775943838,0.0015651051914729042,0.6780140607776741,0.514885059504801,0.6662694221469585
0.4196000624277899,0.7375012481097484,0.6587077755008761,0.7987141916545746,0.636401370183407,0.780962761941624,0.5765120099923514,0.7687842682902164
0.24773098950115746,0.45221794088980716,0.498195716453139,0.29282203670096474,0.051135381442100725,0.35140841456326505,0.30165461740120125,0.3477323101515621
0.3559726786512616,0.22460482293998196,0.5553635509376312,0.9799703293588506,0.25760722033372185,0.5976845924110754,0.28277564525957805,0.47403224809147665
0.7578461104643691,0.4524395161326934,0.7192017782722638,0.6018815896363221,0.059524700347771686,0.4456893122220874,0.5893485572893333,0.5700522053871828
0.014393488629755868,0.14085702037979986,0.22845474133129873,0.5824226582072465,0.6037954529493877,0.40572510955168145,0.06340694281103465,0.23971118394502688
0.11607264050691624,0.1763869865062233,0.9963339160567419,0.7480731794295321,0.6865899134926068,0.8550581995626263,0.09777694719709831,0.49313856946567847
0.04600264202175275,0.49836777273947974,0.9747931621467831,0.8117697880901376,0.11448763806590512,0.6887144037499602,0.25560508497090356,0.5073675250986706
0.040728802318970136,0.4189254495045479,0.6503256863469369,0.6564786073315027,0.3838388830449795,0.6423054512990408,0.10271413659649568,0.3857045639200489
0.8554605840110072,0.9148459010681,0.19954245092914513,0.12809574636620003,0.456236508955542,0.2876391615949876,0.8612332272112213,0.6239810750856607
0.7036578593800237,0.3623938991166331,0.6802282424312913,0.3382675059944984,0.3690530217609166,0.4091334402111501,0.5822076422342545,0.5433106643396068
0.4741738290873252,0.5805883502780435,0.07219840897917584,0.9280836403260497,0.12102500048519305,0.3962093367211891,0.5259313633797377,0.5027461333795746
0.09783416065100148,0.6322642879195304,0.030652502205806065,0.22461561184385193,0.4189477901874754,0.15542699012599998,0.44625789475743793,0.3147145467221418
0.49161587511683236,0.013094456588333636,0.2576828885112137,0.3721670238375133,0.7511780478084181,0.42087811330064734,0.31769730893382825,0.3960300799141903
0.4734717707805657,0.6635373720167106,0.4626229567393163,0.432076882944196,0.07100766453325547,0.3484845572515467,0.4992952814329231,0.45868925835982266
0.17320186991001518,0.17803596686975143,0.8682725054083805,0.4394049896944522,0.08018001408190345,0.6029678777854572,0.17036229633945604,0.4072096855181484
0.43385164923797304,0.9610703174694551,0.727169069766308,0.6129395824945255,0.3547712918359842,0.7366768180059442,0.5559267998572432,0.728209486124206
0.39850473439737344,0.14866272775311296,0.742706521199981,0.9430758377447076,0.941725711618925,0.8928592262458914,0.29453794427483115,0.6462947694654176
0.6158500980522165,0.41462412372702373,0.42549333444807536,0.24069271183250496,0.668572646722914,0.43381711040983645,0.4937069054721014,0.5065977085652268
0.6350936508676438,0.08534966807864386,0.3459349925469629,0.12150137630091806,0.6786699566725648,0.4051506793348575,0.4609655715300519,0.47041022832353097
0.04530400977204452,0.9968742518459474,0.3710387629846027,0.19747048985993731,0.36191999083786497,0.3606154206968736,0.39845509287182895,0.40827306697330856
0.3746126146264712,0.5021950103312426,0.9876495637360578,0.8869249002092695,0.5936607912085384,0.8232021516419058,0.41980727711861743,0.6906219651400568
0.6258599157142364,0.5953850173200438,0.04010919141248248,0.645810812655206,0.010131184027743378,0.3025868433654939,0.5818920642863391,0.4774540304082834
0.5031362585800877,0.06707647738842748,0.8670314961224486,0.28590678923916013,0.6360960464095422,0.6349169871031602,0.41565491369609014,0.5780672234953343
0.8564898411883223,0.7499604703991778,0.5786754085723934,0.8159469389686173,0.9132869475762367,0.7751274838469833,0.797815954566769,0.91015353389414
0.658693631618945,0.20990559309558576,0.43861541918959046,0.861369996363436,0.6125734683448192,0.6509254196910358,0.5708062683835614,0.6851763059992674
0.1629344270814297,0.8980542894407137,0.7252576604151365,0.846514338690278,0.873698593466345,0.8272462743437642,0.4976899601310567,0.7448105502967531
0.07056874740042984,0.20513964048200717,0.48666894142470285,0.9189265336395545,0.7239730554660938,0.7294844783250563,0.1485004409998301,0.4606582130092035
0.6424192782063156,0.19068772066366657,0.8734232380816606,0.2522410201733616,0.12055841640369025,0.43034646687843364,0.48016331255513195,0.49658220673333203
0.026511310541621813,0.03654966784809488,0.9007018640112585,0.7550419287462783,0.9024533072858417,0.8296142287168379,0.05021651837502362,0.4482474411780388
0.5857755812734633,0.47206694510999925,0.4217209268734554,0.46053949727414,0.06644384435577488,0.2717756615897719,0.4439084978407972,0.3819707848524855
0.9402302414249576,0.5648411332626164,0.2768277972350516,0.8419985528900615,0.5339674725477638,0.5454959880563796,0.7761304284524831,0.7454884152402931
0.575474177875879,0.06570863942835237,0.5923503285933622,0.7284906771616132,0.14213712379345766,0.5370752968994719,0.4138258610560844,0.5199017084160533
0.3881699262065219,0.7755276166950106,0.912363345616691,0.7764474464997246,0.011706610730904066,0.6242801987234594,0.5406681432282121,0.6499798541554261
0.6432882184423532,0.4532888347480276,0.21066218900566658,0.6561618376810715,0.422034260127639,0.4914483266122566,0.4970289726244443,0.543091460993169
0.45825289049151663,0.52439026932758,0.6229665835634828,0.17742876946970687,0.29504070765415624,0.3906476756210997,0.4820876194970686,0.47403292915953193
0.5456167893159349,0.44076274693822814,0.6315602200925206,0.5450269188969383,0.486000493797603,0.5953693946249963,0.5888804481776269,0.6622452005889136
0.9414648087765252,0.400763060875326,0.733113022415281,0.9846697395245082,0.5771998867345508,0.7072210530368643,0.7875286953927815,0.8587662488653092
0.38610263780077425,0.5596403313082179,0.1315676851272598,0.9373880664971189,0.04373907230894736,0.32761023056900374,0.45241751473545017,0.4196571939154143
0.9611905638239142,0.1552402459307125,0.7158249646820886,0.04317373579701167,0.12300329512374564,0.3709599830273515,0.6863829005195379,0.5795955595988431
0.9053506419560637,0.18192813049527112,0.909032520665641,0.16481481572943713,0.5586423964504253,0.6231052774573724,0.597656286353344,0.6848613391318268
0.19579113478929644,0.8617856210135173,0.17968310887024197,0.1317287734545619,0.34316735317265823,0.19964373415305373,0.3769953499376488,0.30337249392932913
0.06936130087516545,0.9461154621336327,0.23754332492387764,0.7259799099852955,0.729173487549448,0.5279833866370707,0.37383966597207463,0.4903877528844141
0.10077800137742665,0.37330931627975295,0.9713950940416396,0.8177853298569451,0.6522916485919397,0.7536874438172808,0.2879349657637671,0.564213798456946
0.018221825651549728,0.27074467314355377,0.18097695270948977,0.2135113663106719,0.8456043629899068,0.3722740398336391,0.10553131055688614,0.24675998865725268
0.0944429607559284,0.6439995432390158,0.8543850933695791,0.505852692951829,0.6924928266692253,0.7457768514101373,0.30209639478041245,0.5689959227196129
0.6830067734163568,0.4087341710980964,0.4922778564480348,0.8407030280112,0.42993107739014813,0.6068616250049467,0.5583058226753087,0.65034659959982
0.07118864846022899,0.02538635566034486,0.24723107440317704,0.7328015447662506,0.6729666223944324,0.5456561659785363,0.14807456081892567,0.3630249228258131
0.3189756302937613,0.15615259736619036,0.8707499012725114,0.5422372054918483,0.2753811742554185,0.5960741587922326,0.3351443628908361,0.505563439678357
0.8448753109694546,0.7159722288473975,0.4453052550026655,0.5903476904587729,0.3063134987782127,0.4474736167035707,0.9042530897930385,0.7567892333493185
0.023271935735825866,0.6589239419101514,0.5148173539296902,0.50836054691628,0.7889851599207933,0.5621145966493257,0.2695804776855535,0.4461545614631891
0.8144684825889358,0.02709599250348349,0.3592333693997657,0.2975484513188206,0.4464195164015822,0.40182515908615385,0.5143007109921096,0.49939472804163704
0.28185477477339993,0.22197216193294944,0.5929508514349274,0.5650219928590161,0.7983803405183525,0.6672496878066511,0.18206960216618018,0.4489568220273086
0.11816482762165625,0.2310747965880714,0.16352387258502277,0.6888853020500907,0.8224223736682784,0.5434027941491598,0.23717553651413603,0.41606553518076944
0.6967371653641506,0.6718927435987284,0.3910815366517607,0.8733229158608077,0.8575623376612838,0.6493964485839527,0.628410419094585,0.7205209327219042
0.628942846779884,0.019710537754364155,0.9694123223352875,0.6362913539792481,0.9166352358412073,0.7459757598866893,0.3960887013578075,0.6301267446178329
0.877472013527053,0.10410858198457384,0.25813343270112754,0.761121537043158,0.43098522051329624,0.515743035935072,0.5132615145284191,0.5674444855780495
0.7350710438038858,0.7999160853731894,0.6567366645412922,0.160071634954573,0.31886681832113883,0.38243432899881025,0.7315657190946724,0.612955193026842
0.8034809303848486,0.1785446620543336,0.3251900642246949,0.4615574744197899,0.5821987465941139,0.400064103791893,0.5116433015001575,0.49679172642118236
0.2820345725713065,0.6527461078518747,0.7734731256866006,0.009331619827093296,0.3711724234376276,0.4582144088497562,0.3999254236497429,0.4657202345660806
0.17743954377972282,0.23818278104672652,0.13087366071834983,0.24667886452162302,0.601074166800233,0.2870747416879403,0.17478070352907538,0.240962747672037
0.7506147516408583,0.09944139275934516,0.9698210450785447,0.7264617151130048,0.7055858626438246,0.8705395105607979,0.46273196834199914,0.7472010316996542
0.806834739267264,0.24317219099945409,0.45378954138363925,0.9918099513493635,0.6884050184921369,0.7164306049847406,0.6230364155491553,0.7590059814908291
0.9905051420006733,0.7222669318556592,0.23605046334646396,0.0991780995872159,0.37455288702012135,0.2707179474808107,0.8279667182895417,0.5941714229967296
0.4126176769114265,0.8556964681062857,0.07349674733001266,0.40149431586128825,0.16686020169875282,0.13160726863999064,0.6008762647400635,0.382057703488635
0.37201808579278317,0.8302198645669916,0.16975790508754074,0.8000709686991595,0.43052933846220753,0.4976804534527465,0.6161967549177445,0.6182724202659603
0.7764129607419968,0.3971835296184548,0.5197739485560177,0.20403563462889884,0.14259414408190874,0.3249610395973422,0.5990613700669103,0.5009455259520365
0.34080354025301784,0.6680851365706462,0.3370031764312863,0.5550849493022862,0.8900970351838083,0.5498920089560329,0.4358202342426891,0.5407869344296412
0.9307573256035647,0.20498429541582097,0.8288833658826095,0.7330712960296748,0.3458774607378574,0.662407396750416,0.6289218822694547,0.7289851408686315
0.8584127518430118,0.29314773026101326,0.43088752366180594,0.615985450260179,0.15445974722332378,0.31467680706485723,0.6912930036282479,0.5464916803721549
0.42899402737501835,0.8963358185211198,0.2487142725876299,0.18802473461541613,0.025447759905750877,0.1839600979654356,0.6256361253811268,0.42781652825644667
0.7508710677914974,0.013001923510736035,0.61714498660403,0.3553845686857394,0.6458223862864843,0.49575150572417553,0.4291626953488129,0.5050087110204582
0.7545428740846823,0.08550853085446808,0.7067772168854458,0.7837917844853972,0.6369023174547432,0.6412856030440437,0.5111229693519986,0.641759446524133
0.10312386883593261,0.20788625514602732,0.16704190790094986,0.5542265141320166,0.34060416658129167,0.2591480080634779,0.08991421586814932,0.1791913299535777
0.9025529066795667,0.026532203873819715,0.16761921628831766,0.005229613542912737,0.071711888847651,0.14576455598199245,0.5862126010794152,0.3830783824321818
0.5052523724478571,0.18143543508979731,0.03667142693354297,0.7609907600280938,0.409628894895232,0.3343912975657755,0.39615596288972155,0.3917678515215711
0.8264574661077416,0.5830415609696922,0.7364020150656405,0.03531135494023907,0.3112174950633936,0.475205846523171,0.7137006804955777,0.6622842107171871
0.32004960103061175,0.42142455059249795,0.6638045276218051,0.7457337827312321,0.6771206397350094,0.6655880646359795,0.3186702909330047,0.5345498062243087
0.8955232284962005,0.8926717110769748,0.4746308757498139,0.2024805601652374,0.6057792494526903,0.3469623953056566,0.8500485754143373,0.6574924633303808
0.3892016787341631,0.8174435617384409,0.8441704489691971,0.9580734801193802,0.36459372819754,0.6786421200853221,0.5872392987531697,0.7126457739598997
0.01083765148029836,0.34181735169787597,0.8056701529500532,0.3679407513020845,0.2178925542549901,0.5598086338474906,0.2046785566917825,0.4051597599095371
0.9053819764192637,0.2594234334312925,0.5853543643967521,0.3269316163380791,0.9880359661555919,0.6208371116099687,0.6151331718726355,0.6943646420774792
0.09128667678613356,0.3796924081672669,0.8682712805132586,0.14888805033244468,0.45400162119611487,0.5007610488393412,0.22956830451616111,0.3881564496677076
0.31931363759041487,0.5902949425148077,0.20584121003676825,0.3056042154902149,0.688274235780237,0.38850093068848224,0.32335480863006855,0.3810525984783509
0.9500619670508049,0.26806364082287626,0.11191961939772788,0.8766507618282006,0.14055296757836078,0.3750181033894368,0.6480317500267734,0.5601296542743408
0.9506071469375561,0.624148907849134,0.2697496115169896,0.9963343376272473,0.4855896996593978,0.6083469965879125,0.8184709046586421,0.8129918139520126
0.5734378881232861,0.4094116521912404,0.05708685608931485,0.36830953050684834,0.027536719869465487,0.2140135790432664,0.46234322290137614,0.3579679465482257
0.6318372121697993,0.5520471808519802,0.531169528001032,0.44861063095454257,0.50545511791045,0.48069910357045625,0.5530958809031918,0.5700720310645593
0.44844552197831977,0.4361265291353167,0.9366056922949615,0.722070938202737,0.9640174071177023,0.8141663962100145,0.4101289470176742,0.6789303129688019
0.29321077169806453,0.29446575954191767,0.03934354066850965,0.8861957804650745,0.3842067129858002,0.37618490624650247,0.30832240325192445,0.36545090162141775
0.32866454536991596,0.9484533069621567,0.1221099140100268,0.5930443341867842,0.03899601257491159,0.2514700949616637,0.5672135990864935,0.4378692985492441
0.6725184560770384,0.7636057941597608,0.4521990282834353,0.39152569817782934,0.03095579091934353,0.25943611173199543,0.5970418296438788,0.45921781285276997
0.75237452943768,0.14011317576645255,0.9338750175279049,0.41262184084862374,0.3879867599468695,0.5658750415050577,0.40143498033743574,0.5290874181532524
0.7915790437258485,0.8684679758979128,0.3161561049767505,0.6956181464968069,0.16002493646319405,0.40034476095619476,0.7919913577018156,0.6595819774847063
0.7896181427945539,0.48743119824951364,0.5072348086883924,0.0032182636042786816,0.023352096328185912,0.2084324138765738,0.6916276942792153,0.4788615800423957
0.09120610304869037,0.8945522268940914,0.0415728590503921,0.6195893374598407,0.7562136139501768,0.4310098788137414,0.27516931045058907,0.3768097328622791
0.49442030470258147,0.7998552559473152,0.14834320096208886,0.3554930104413574,0.4585230088818907,0.26561731944680644,0.5916077763928934,0.46004080226572314
0.057558760016644284,0.42521350446923345,0.9866301229588469,0.7941973312770843,0.2892447719726545,0.7081646444481721,0.1783082649718089,0.46849077652317683
0.5495288823237355,0.022469308320117398,0.9651186964360455,0.09299063982313216,0.9000831830164807,0.6377579682128869,0.4081219416327107,0.574996558978554
0.441530501373377,0.2686773593849461,0.004939980934409616,0.5882022669483905,0.11613896020052561,0.257788281074678,0.3531381539923614,0.32367019307343486
0.8877041827582998,0.5416342146608669,0.951811785423239,0.48097288988612374,0.9559188289553192,0.8635546965579162,0.768425644756373,0.9487056855541268
0.3509150125520787,0.6334782198261473,0.6391199378155004,0.6423255259052274,0.3139667173773528,0.45022625499906954,0.47100315246607927,0.5030263008180862
0.11706701642760586,0.2578876854332023,0.8679182945200221,0.06485359448296835,0.8884036723086812,0.5866689548358831,0.0668669600394844,0.3346137113495672
0.14299168205283586,0.13935607407282413,0.4547398556338591,0.5799837874281313,0.6029428764794615,0.4619474786713175,0.17994779969241803,0.3375729256539405
0.7615106317174722,0.8349302367992991,0.5155960285792502,0.5614845879595237,0.8267073597414875,0.5901947990216586,0.8016482990230175,0.7905472803679269
0.6182180633162611,0.9844021807035521,0.4888465802569202,0.5606600944161709,0.9840131632104643,0.6547687109012406,0.7901051422549069,0.825904151672211
0.10112267612279024,0.5256901823026858,0.6668642575461043,0.6034876665964548,0.2884054378187457,0.46183137335807545,0.4672615639165648,0.507705678593526
0.08410680611499743,0.1716792858483035,0.1396512547563129,0.6764679372263622,0.961135485407593,0.501048538036446,0.014930151033390432,0.25948549060450693
0.70096913145912,0.27230732651936895,0.029973589872677953,0.8049889996807698,0.38948189490242036,0.32013283571995327,0.6157392419712749,0.5073597087648778
0.07276300636419353,0.018390676547466733,0.3079299415911909,0.26982072012821434,0.3855119047369223,0.33013513056596455,0.03664169846748503,0.18580775689826917
0.8218600592903562,0.914298806560499,0.7046807627366467,0.8250494101800621,0.3403871042545057,0.6349704762768414,0.8732020034185638,0.8649777382470182
0.7062422271564962,0.11775108289014113,0.20185345212294836,0.4982556822634536,0.5414076073475852,0.3565534900656283,0.46857015718489203,0.4459758886022348
0.08134878064189976,0.5765164755142536,0.6734324333249173,0.07705827913433116,0.1541450431784871,0.34757501363078236,0.2582040419209391,0.32083858245389946
0.08483771408519192,0.274055220687206,0.9699120461072704,0.0585509292439792,0.5537114853580112,0.544309538594142,0.13203307031405961,0.35254467637046355
0.9866395785011755,0.5541780025157934,0.09390071578941839,0.3342383186960608,0.541704812410004,0.2867604701312841,0.830130384885673,0.6060551433964945
0.3742707957561203,0.6514203883518642,0.6726021182251263,0.7848969771114676,0.76190181260487,0.8167530887198786,0.4092719479608339,0.6798673438650388
0.3706421470668909,0.8297418037072016,0.44375021930457115,0.7076809347409158,0.8336499619375856,0.7069224093148961,0.5918109680991035,0.7330395757925197
0.8127995672575026,0.2064212717606032,0.8681422543775054,0.7886149646724064,0.44044135031242404,0.6509947344000713,0.5494385288144801,0.6717529494342254
0.9472485773838587,0.010995828658480478,0.1771497894473859,0.5172690564416094,0.30233324935149375,0.35822722841084403,0.5162440109416895,0.47422215192093453
0.9860010638228709,0.13688563006880727,0.6926259522261645,0.44019899795549056,0.25933489731709447,0.5274803771968208,0.6238542474214548,0.6414814870582793
0.7533781852589416,0.9000186418481051,0.8381152896481102,0.14745252670628395,0.19462383670487193,0.38045586044495994,0.8748918287377356,0.6942453892910837
0.37625958553091576,0.8738900775625152,0.9446142194740232,0.32819275360931155,0.05764758219902488,0.5345366707198532,0.5485450279927444,0.6001843359569328
0.08350071669866876,0.5974131021703083,0.6832480282896458,0.43401936617387527,0.34244797883471334,0.5831360107390626,0.3069883517978056,0.4808653738305806
0.7771469159274368,0.6005168604336534,0.4971747640084273,0.08860042967961723,0.27024769213078326,0.25039710183427033,0.6699470799441497,0.4937226523292795
0.558404249735805,0.6650366745462555,0.6178472402012138,0.22061195271121126,0.9664173858664074,0.5573725566030578,0.6389533121561662,0.6693899426089068
0.4242220092469763,0.1753712786234496,0.8689049844787182,0.5982252940637388,0.5577088262500439,0.7452253032277973,0.3589571039370758,0.6055919869078924
0.906354385094736,0.9144119459249598,0.5706097466388297,0.7356631142391898,0.34727703903050755,0.5667007101777235,1.002007851091646,0.8979219927981428
0.11119748230615134,0.4187705248920731,0.03038705969683686,0.9983475113929496,0.580467600993696,0.5133731713567046,0.22544850206555928,0.3925586792077349
0.49262510429085915,0.38313852824949746,0.9309486955069778,0.9331133313435577,0.1391967013456955,0.711101948829592,0.48226321411220985,0.665270243751704
0.011353644767419069,0.5189177052828375,0.6895267510315611,0.6425651995351915,0.4440437492022029,0.6213281810802499,0.21928264595053368,0.4475547110255737
0.46866064199412627,0.046965966775055046,0.6765133857772465,0.421248053294072,0.6262343214210638,0.5185264603098853,0.3647763609996485,0.4794806497095406
0.05630327568183735,0.1662833687560794,0.21567515239771717,0.6361773647082327,0.4888978317924514,0.4761585052403645,0.06435369353109766,0.27638461108942386
0.11881791626807192,0.7380336164263704,0.6588854702326572,0.785651618080232,0.40177880065432425,0.6782628133348184,0.40375446197525544,0.5957789651102015
0.11752624677710488,0.08279866792512647,0.3938644056541585,0.11833619092338732,0.9938483888996982,0.47973159900518764,0.09390035043047944,0.29582536776966584
0.6492103021160636,0.6031521094663882,0.6512329770414921,0.40990488969628824,0.880314762148927,0.6453852388794683,0.6275776162007686,0.7174872934895465
0.7460448792654233,0.24534910968132095,0.10659303030799072,0.8398022856356172,0.6234059581594401,0.4050443101339274,0.550354195654201,0.5222828199956778
0.5833687650971596,0.38929561404197655,0.657845304603036,0.383832951933044,0.5693773611822828,0.5748139535767042,0.5183515244964203,0.6061738768642221
0.9621725484745419,0.28869373677069987,0.9994137257706666,0.5718722712271865,0.620660479824584,0.786128187709505,0.6869695716369072,0.8445581085457055
0.37487057952370406,0.35567271646494913,0.04821203886055603,0.5877693608621982,0.20131210782243325,0.2528997052996463,0.3779270934587284,0.3345289294912802
0.28571208628186073,0.7190459051842455,0.9771741842213173,0.18447625313363936,0.3951377432643186,0.6209715406014394,0.5379515167209239,0.6462720450825964
0.8685991281894603,0.297121715623175,0.4069079607228706,0.3622354416522884,0.03945953289089932,0.2665678151031076,0.6892806474437071,0.5146722385097923
0.22359583851945264,0.5664046402968972,0.8707534503372591,0.33451128874193214,0.47554603748682667,0.6195488742982113,0.4041770888552753,0.561944473660226
0.9632225394406113,0.47605040219909966,0.7823854840582735,0.026196708532064794,0.5430245839576632,0.432737364435622,0.7455767082428131,0.653684816281134
0.012154474689816341,0.6636711653626481,0.5670162609866678,0.024191763891355245,0.2277497361032096,0.3012113468493247,0.22829910954753282,0.27850848465269157
0.969878826707639,0.936829739324758,0.7384492092513265,0.8316970436757735,0.9640288471655137,0.825379738057775,1.0044242196663744,1.0
0.04315991195057611,0.7325720972102503,0.8785155613013479,0.2730708099728124,0.909454610937242,0.7174292468956026,0.3627271256809355,0.5921243960094451
0.8911431136980711,0.21494037859075676,0.404140321651033,0.5180787662388154,0.7221432354559059,0.5152463827271616,0.6942955534426944,0.6763176225759082
0.5277011090862999,0.031183135061284672,0.3270331615632387,0.29872557358877305,0.5333866287653626,0.37387329554795284,0.29889488817783233,0.3587338552359892
0.9929647961193003,0.2622640442998251,0.6675933855635847,0.9406792451153405,0.869969159647685,0.8515342342264167,0.6892070626234928,0.8877473300838616
0.07379656473539886,0.5950779307002548,0.8078459419412586,0.25929675886577375,0.1306523438234629,0.41828489572136357,0.20033490299506956,0.326069312159945
0.5538542844013208,0.05142581348425035,0.7622851347766157,0.4296568127389351,0.790509794274885,0.5906351809778584,0.3332593407314489,0.5013141990597498
0.969302535619099,0.49636624720123634,0.7978136488586345,0.8727302504846018,0.1248208139668483,0.70586997408916,0.8299565457809263,0.8850815410281454
0.5230978441701488,0.5968428489168892,0.435583314812933,0.8419335667918086,0.7942106625494054,0.7341492986620618,0.529271077107435,0.7094229858968559
0.6293986381352625,0.3342438908169608,0.8178342161750216,0.18610141784627732,0.27576756825135695,0.4010812475440181,0.543360728967983,0.5158073480641817
0.6957486889846172,0.7709122037458219,0.12020905537060844,0.8026433097957104,0.8770905810181889,0.586489179654673,0.7162889395892085,0.7354082021370189
0.45454106476777323,0.1065982531337718,0.5444890979608495,0.45818688673789265,0.9440420938253978,0.6133155948257597,0.3315667915252507,0.5131122099692608
0.6275580800840634,0.07513778173580876,0.0057586604981215705,0.4829688720853552,0.14879596940511564,0.20500727741294286,0.3492053912539782,0.29142426363724044
0.5843143119231002,0.7281887562036033,0.3245858299002703,0.13347997241594378,0.4626756050653935,0.323392211655184,0.6461245621169965,0.5265487171156409
0.901158010490989,0.49549131620619846,0.3664615348713979,0.08060151375712465,0.9809873781626851,0.453340891508686,0.5893345342320366,0.5747716014994829
0.04544638034145787,0.688402396427736,0.3961726916092554,0.7279393069737652,0.4834074359731466,0.4826848162484559,0.29328397886786994,0.4162971422478537
0.2809631895922303,0.4348273386037462,0.6954672066898622,0.49646115235529975,0.8635475225145451,0.6516624325210854,0.26098518701107964,0.4903386581300046
0.9504114840765587,0.2464020332391068,0.38855810127034573,0.43685070261517955,0.5887315221313199,0.41728831215802603,0.7291074295689187,0.6340474725968106
0.8902637838909163,0.8191023176741997,0.44869362262253065,0.7295082286523967,0.37532990791960186,0.46933777960908957,0.9006695650424552,0.7695473230894745
0.45565675278571294,0.7994158789689793,0.23754413087432746,0.7655128989911097,0.2857835555258702,0.40704767420235716,0.6164939523573235,0.5619592991732137
0.6201325978015367,0.6946964708544268,0.3732517916293401,0.15890816766935356,0.20322309108608727,0.2221520948228307,0.7260084583806617,0.5063371365794178
0.2773811829811327,0.2721451372299627,0.22726962726315147,0.6102251494776413,0.7617981913776972,0.5366174564474931,0.22784093863942284,0.4066818825369173
0.1881211597237613,0.5902306668690871,0.07319592376844364,0.13535408227768553,0.3865405068230279,0.2602090540043878,0.43633312247766953,0.37097865404716773
0.46369840493998216,0.3609738969400268,0.6034485933813779,0.7513750860290457,0.5112754622007512,0.5911719397529881,0.4692181799530193,0.5856727841750422
0.3533522280260528,0.09158207332663415,0.6682127985550163,0.6569551562671395,0.4923254800011819,0.6240395353292717,0.23681640178533808,0.45998452802299944
0.5836561118508721,0.9173135754622428,0.6194903460096145,0.956614621083458,0.5772790292331312,0.7329484890139693,0.7739001046545677,0.866870079305132
0.07773463696498484,0.1368186309189614,0.46349404380057235,0.06895801635642118,0.8655771456245522,0.4893582796604847,0.046053558925993755,0.2722132573668926
0.9743948076661665,0.9502373538208024,0.3797857801792298,0.05705472115125432,0.9807393435834294,0.4670502948879014,0.9235061180516372,0.781542967423129
0.9862107444796029,0.44600577295795574,0.8633336495718252,0.28218707469320015,0.40758420857381694,0.5893989657268213,0.739699269708959,0.7517447146209593
